region_1,country,coordinates
Etna,Italy,"[37.751005, 14.9934349]"
Willamette Valley,US,"[44.942554, -122.9337615]"
Lake Michigan Shore,US,"[43.8348105, -85.0720293]"
Navarra,Spain,"[42.6953909, -1.6760691]"
Vittoria,Italy,"[35.4669667, -97.5428508]"
Alsace,France,"[48.3181795, 7.441624099999999]"
Napa Valley,US,"[38.5024689, -122.2653887]"
Alexander Valley,US,"[38.65649, -122.786907]"
Central Coast,US,"[-33.3208415, 151.2335592]"
Cafayate,Argentina,"[-26.0730798, -65.976052]"
Mendoza,Argentina,"[-32.8894587, -68.8458386]"
Ribera del Duero,Spain,"[41.6995677, -3.9271321]"
Virginia,US,"[37.4315734, -78.6568942]"
Oregon,US,"[43.8041334, -120.5542012]"
Sicilia,Italy,"[37.5999938, 14.0153557]"
Paso Robles,US,"[35.6368759, -120.6545022]"
Sonoma Coast,US,"[38.4052701, -123.096764]"
Terre Siciliane,Italy,"[38.144517, 13.3464781]"
Cerasuolo di Vittoria,Italy,"[36.9728095, 14.5516064]"
Clarksburg,US,"[39.2806451, -80.34453409999999]"
Beaujolais-Villages,France,"[38.3381283, -122.6705029]"
Dry Creek Valley,US,"[38.61054, -122.873166]"
Sonoma Valley,US,"[38.291859, -122.4580356]"
McMinnville,US,"[45.21011619999999, -123.1987163]"
Puglia,Italy,"[40.7928393, 17.1011931]"
Beaujolais,France,"[46.1134349, 4.7263863]"
Lake County,US,"[42.3689363, -87.8271534]"
Monticello,US,"[38.0086043, -78.4531994]"
Brouilly,France,"[45.844705, 4.40916]"
Monica di Sardegna,Italy,"[40.8262943, 8.40757]"
Bordeaux Blanc,France,"[29.7834756, -98.25444730000001]"
North Coast,US,"[33.2359409, -117.255003]"
Columbia Valley (WA),US,"[38.8491873, -104.7379121]"
Romagna,Italy,"[44.5967607, 11.2186396]"
Champagne,France,"[35.9346922, -96.0134444]"
Santa Ynez Valley,US,"[34.5841542, -120.0973685]"
Chablis,France,"[47.815269, 3.800450999999999]"
Mâcon-Milly Lamartine,France,"[46.3486649, 4.6979559]"
California,US,"[36.778261, -119.4179324]"
Aglianico del Vulture,Italy,
Howell Mountain,US,"[38.58139, -122.45]"
Calistoga,US,"[38.5787965, -122.5797054]"
South Australia,Australia,"[-30.0002315, 136.2091547]"
Eola-Amity Hills,US,"[45.1312282, -123.1637138]"
Rías Baixas,Spain,"[42.4270967, -8.814226399999999]"
Vin de France,France,"[38.6213413, -90.21295549999999]"
McLaren Vale,Australia,"[-35.2210309, 138.5461247]"
Ancient Lakes,US,"[47.1508517, -119.9631178]"
Knights Valley,US,
Vernaccia di San Gimignano,Italy,"[39.5888896, -106.1002465]"
Toscana,Italy,"[43.7710513, 11.2486208]"
Sonoma County,US,"[38.5779555, -122.9888319]"
Juliénas,France,"[46.235505, 4.709970999999999]"
Régnié,France,"[46.136803, 4.64105]"
Finger Lakes,US,"[42.7238165, -76.9297247]"
Morellino di Scansano,Italy,"[42.65701, 11.388251]"
Santa Clara Valley,US,"[37.2488478, -121.8399593]"
Yountville,US,"[38.40157809999999, -122.3608105]"
Barolo,Italy,"[47.6146633, -122.3374525]"
Rockpile,US,"[37.6616532, -94.30753349999999]"
Padthaway,Australia,"[-36.6270289, 140.433893]"
Saint-Émilion,France,"[44.89438699999999, -0.155729]"
Barbera d'Alba,Italy,"[44.7009153, 8.0356911]"
Santa Lucia Highlands,US,"[36.4307709, -121.4203754]"
Spring Mountain District,US,"[38.5228143, -122.5492726]"
Monterey,US,"[36.6002378, -121.8946761]"
Carmel Valley,US,"[36.4799024, -121.7327931]"
Dominio de Valdepusa,Spain,
Santa Cruz Mountains,US,"[37.1108921, -121.8448906]"
Chianti Classico,Italy,"[36.117132, -94.149616]"
Brunello di Montalcino,Italy,"[43.0886327, 11.4866396]"
Cahors,France,"[44.4475229, 1.441989]"
Edna Valley,US,"[35.2168996, -120.6077553]"
Moulin-à-Vent,France,
Madiran,France,"[43.549639, -0.057621]"
Russian River Valley,US,"[38.483083, -122.80327]"
Alto Adige,Italy,"[46.4336662, 11.1693296]"
Arroyo Seco,US,"[36.2316817, -121.485235]"
Salta,Argentina,"[-24.7821269, -65.4231976]"
Anderson Valley,US,"[39.0865657, -123.4794542]"
Campania,Italy,"[41.10994729999999, 14.8475139]"
Rosso del Veronese,Italy,"[45.4437804, 10.9800636]"
St.-Romain,France,"[46.99825800000001, 4.708748]"
Vino Nobile di Montepulciano,Italy,"[38.2566533, -122.4370999]"
Nevada County,US,"[39.1346666, -121.1710389]"
Côtes du Rhône,France,"[27.2192294, -82.4624194]"
Vacqueyras,France,"[44.13846299999999, 4.982689]"
Rueda,Spain,"[41.4108743, -4.9597661]"
Luján de Cuyo,Argentina,"[-33.0391038, -68.8798644]"
Cayuga Lake,US,"[42.6776693, -76.6990172]"
Montepulciano d'Abruzzo,Italy,
Santa Barbara County,US,"[34.4208321, -119.6982057]"
Diamond Mountain District,US,"[38.54334530000001, -122.578433]"
San Marino,Italy,"[43.94236, 12.457777]"
Mendocino,US,"[39.3076744, -123.7994591]"
Vin de Pays des Côtes de Gascogne,France,
Vino de la Tierra de Castilla y León,Spain,"[41.59491, -4.575127]"
San Juan,Argentina,"[18.4655394, -66.1057355]"
Adelaide Hills,Australia,"[-34.9062557, 138.8397403]"
Sonoma Mountain,US,"[38.3229698, -122.5749837]"
Amador County,US,"[38.3488921, -120.7740931]"
St. Helena,US,"[-15.9650104, -5.7089241]"
Cole Ranch,US,"[35.9733, -119.035202]"
Santa Maria Valley,US,"[34.9457909, -120.561774]"
Torgiano,Italy,"[43.0273158, 12.432391]"
Veneto,Italy,"[45.76233329999999, 11.690976]"
Colli Orientali del Friuli,Italy,"[45.9999263, 13.4380093]"
Uco Valley,Argentina,"[29.3593867, -100.9122058]"
Monferrato,Italy,"[44.8175587, 8.7046627]"
Dundee Hills,US,"[45.277904, -123.018535]"
Perdriel,Argentina,"[-33.0764292, -68.8868944]"
Arroyo Grande Valley,US,"[35.1072335, -120.5815117]"
Montsant,Spain,"[41.292953, 0.7978029999999999]"
Saint-Estèphe,France,"[45.2648099, -0.7717824]"
Sagrantino di Montefalco,Italy,"[42.902373, 12.64079]"
Arbois,France,"[46.902851, 5.772342]"
Barossa Valley,Australia,"[-34.5333333, 138.95]"
Tupungato,Argentina,"[-33.3583896, -69.7688752]"
Langhe,Italy,"[41.91765729999999, -87.6982788]"
Roero,Italy,
Barbera d'Asti Superiore Nizza,Italy,"[44.9007652, 8.206431499999999]"
Mendocino County,US,
Côte de Nuits-Villages,France,
Prosecco di Valdobbiadene,Italy,"[45.90032799999999, 12.0982601]"
Prosecco di Conegliano,Italy,"[45.86827419999999, 12.2811917]"
Languedoc,France,"[43.5912356, 3.2583626]"
Coteaux Varois en Provence,France,"[43.39375099999999, 6.040819]"
Cava,Spain,"[30.0048824, -90.1059552]"
Rutherglen,Australia,"[-36.055556, 146.4625]"
Barossa,Australia,"[-34.5333333, 138.95]"
Montrachet,France,"[38.7593126, -90.7252712]"
Heathcote,Australia,"[-36.916667, 144.7]"
Clos de Vougeot,France,"[47.1748181, 4.955178999999999]"
Chassagne-Montrachet,France,"[46.937992, 4.729560999999999]"
Criots-Bâtard-Montrachet,France,"[46.9447821, 4.7539203]"
Clare Valley,Australia,"[-33.8335699, 138.61]"
Bianco di Custoza,Italy,"[40.7485749, -73.9931976]"
Friuli,Italy,"[46.2259177, 13.1033646]"
Soave,Italy,"[45.4544384, 11.2358335]"
Collio,Italy,"[45.8109034, 10.3338726]"
Trentino,Italy,"[46.0512004, 11.1175392]"
Valdadige,Italy,"[46.1014012, 11.0973131]"
Rutherford,US,
Italy,Italy,"[41.87194, 12.56738]"
Prosecco del Veneto,Italy,"[45.88957, 12.076308]"
Prosecco di Conegliano e Valdobbiadene,Italy,"[45.915836, 12.166491]"
Graves,France,"[37.022501, -95.6182247]"
Walla Walla Valley (WA),US,"[46.0655953, -118.3387429]"
New York,US,"[40.7127753, -74.0059728]"
Rioja,Spain,"[39.7479473, -104.9994686]"
North Fork of Long Island,US,"[40.97132149999999, -72.6261244]"
Wahluke Slope,US,"[46.7643025, -119.6166988]"
Templeton Gap District,US,"[35.5496939, -120.7060049]"
Snipes Mountain,US,"[46.3285409, -120.0082522]"
Gavi,Italy,"[44.6880915, 8.8037472]"
Bierzo,Spain,"[42.59219239999999, -6.663812]"
Long Island,US,"[40.789142, -73.13496099999999]"
Muscadet Sèvre et Maine,France,"[47.1930753, -1.5414887]"
Franciacorta,Italy,"[40.569738, -74.61614399999999]"
Meursault,France,"[46.97822499999999, 4.768746]"
Niagara-On-The-Lake,Canada,"[43.2549988, -79.0772616]"
Carneros,US,"[38.2554723, -122.3349422]"
Ribbon Ridge,US,"[29.5683674, -98.7032581]"
Amarone della Valpolicella,Italy,
Chambolle-Musigny,France,"[47.185496, 4.952888]"
Pomerol,France,"[44.9298292, -0.2010233]"
Cannonau di Sardegna,Italy,"[40.1208752, 9.012892599999999]"
Red Mountain,US,"[49.1024147, -117.8194705]"
Isola dei Nuraghi,Italy,"[37.6675865, -77.57112099999999]"
Sta. Rita Hills,US,"[34.6422431, -120.438894]"
Côtes du Rhône Villages,France,"[45.5165578, 4.8512987]"
Friuli Grave,Italy,"[45.914153, 12.661697]"
El Dorado,US,"[39.0141696, -95.61218679999999]"
Suisun Valley,US,"[38.2672144, -122.1130027]"
Côtes de Provence,France,"[43.44632319999999, 6.4699991]"
Lodi,US,"[38.1341477, -121.2722194]"
Venezia Giulia,Italy,"[46.2259177, 13.1033646]"
Yakima Valley,US,"[46.587262, -120.526371]"
Monterey County,US,"[36.3136201, -121.3541631]"
Chiles Valley,US,"[38.5164826, -122.3122289]"
Mercurey,France,"[46.833678, 4.721636999999999]"
Calaveras County,US,"[38.1960477, -120.6805037]"
Chehalem Mountains,US,"[45.3762277, -123.037326]"
Horse Heaven Hills,US,"[46.1778416, -119.1521533]"
Umpqua Valley,US,"[43.2113549, -123.3464928]"
Alto Adige Valle Isarco,Italy,"[46.6480894, 11.5842165]"
Ballard Canyon,US,"[34.6354195, -120.1479918]"
Green Valley,US,"[36.2955631, -94.0854741]"
Coteaux d'Aix-en-Provence,France,"[43.5332825, 5.440235400000001]"
Côtes de Provence Sainte-Victoire,France,"[43.7047696, 7.310175399999999]"
Sierra Foothills,US,"[33.3241157, -111.9875757]"
Yolo County,US,"[38.7646021, -121.9017954]"
Dolcetto d'Alba,Italy,"[44.7009153, 8.0356911]"
Bordeaux Supérieur,France,"[44.86110739999999, -0.5571789]"
Costières de Nîmes,France,"[43.812435, 4.361956999999999]"
Bordeaux,France,"[44.837789, -0.57918]"
Washington,US,"[47.7510741, -120.7401385]"
Columbia Gorge (WA),US,"[47.4523058, -120.822886]"
Oak Knoll District,US,"[41.7963785, -123.3749138]"
Rogue Valley,US,"[42.4401246, -122.9261546]"
Northern Sonoma,US,"[38.5779555, -122.9888319]"
Soave Classico,Italy,"[40.7170897, -74.32439529999999]"
Conegliano Valdobbiadene Prosecco Superiore,Italy,"[45.915836, 12.166491]"
Piedmont,Italy,"[45.0522366, 7.5153885]"
Idaho,US,"[44.0682019, -114.7420408]"
Gambellara Classico,Italy,"[45.4602794, 11.3361935]"
Yarra Valley,Australia,"[-35.7403876, 147.6562318]"
Great Southern,Australia,"[37.3402317, -95.2642422]"
Mokelumne River,US,"[38.1145286, -121.5741027]"
Los Carneros,US,"[34.4430209, -119.8482509]"
Mount Veeder,US,"[38.3793566, -122.4477575]"
Dogliani Superiore,Italy,
Valencia,Spain,"[39.4699075, -0.3762881]"
Cortona,Italy,"[43.27506340000001, 11.98512]"
Piemonte,Italy,"[45.0522366, 7.5153885]"
Colli della Toscana Centrale,Italy,"[44.0839717, 10.3934847]"
Livermore Valley,US,"[37.6704091, -121.6978901]"
Valle de Uco,Argentina,"[42.0175716, -87.7912791]"
Mâcon-Villages,France,"[46.3068839, 4.828730999999999]"
Texas,US,"[31.9685988, -99.9018131]"
Côte Chalonnaise,France,"[46.7844158, 4.8624466]"
Chorey-lès-Beaune,France,"[47.048887, 4.86904]"
Calchaquí Valley,Argentina,"[-26.0746237, -65.9783082]"
Coteaux Bourguignons,France,"[48.1218388, 4.3854847]"
Saint-Véran,France,"[44.700836, 6.868570999999999]"
Barbaresco,Italy,"[44.7232618, 8.0835572]"
South Eastern Australia,Australia,"[-27.6728168, 148.3716902]"
Temecula Valley,US,"[33.5024557, -117.1168468]"
Tasmania,Australia,"[-41.4545196, 145.9706647]"
Cariñena,Spain,"[41.3370805, -1.2241497]"
Vin Santo del Chianti Classico,Italy,
Trento,Italy,"[46.0747793, 11.1217486]"
Médoc,France,"[44.556862, -0.038418]"
Haut-Médoc,France,"[44.556862, -0.038418]"
Fronsac,France,"[44.924318, -0.2712629]"
Margaux,France,"[35.897833, -78.68210499999999]"
Mornington Peninsula,Australia,"[-38.2854053, 145.093449]"
Verdicchio dei Castelli di Jesi Classico,Italy,"[43.4545723, 13.1725079]"
Vino de la Tierra de Castilla,Spain,"[40.7299182, -73.993174]"
Mendocino Ridge,US,"[39.33667, -123.3]"
Rosso di Montalcino,Italy,"[42.2874059, -87.8526426]"
Côtes de Gascogne,France,"[43.8588747, 0.088527]"
Côtes du Lot,France,"[44.5379358, 1.6760691]"
Nebbiolo d'Alba,Italy,"[44.7009153, 8.0356911]"
Beaujolais Rosé,France,"[46.2358688, 4.7097814]"
Marsannay,France,"[47.270302, 4.988667]"
Gevrey-Chambertin,France,"[47.225962, 4.968738999999999]"
Beaune,France,"[47.02603000000001, 4.840004]"
Sannio,Italy,"[43.7337672, -79.458918]"
Priorat,Spain,"[41.23797829999999, 0.7913226999999999]"
Bolgheri Superiore,Italy,"[43.2336764, 10.6170139]"
Minervois,France,
Texas High Plains,US,"[29.664215, -98.14439890000001]"
Vista Flores,Argentina,"[-33.6509809, -69.1558647]"
Australia,Australia,
Shenandoah Valley (CA),US,"[38.5348836, -120.792458]"
Blaye Côtes de Bordeaux,France,"[45.127331, -0.662843]"
Jumilla,Spain,"[38.4763532, -1.3221865]"
Coste della Sesia,Italy,
Yorkville Highlands,US,"[38.875393, -123.108287]"
Penedès,Spain,"[41.3461265, 1.6979398]"
Greco di Tufo,Italy,"[41.5165585, 13.2624211]"
Lugana,Italy,"[35.32597980000001, -82.4744296]"
Primitivo di Manduria,Italy,"[38.894637, -77.001361]"
Bardolino Classico,Italy,
Amarone della Valpolicella Classico,Italy,
Piave,Italy,"[46.068752, 12.3314323]"
Gaillac,France,"[43.9018159, 1.896506]"
Sancerre,France,"[47.329583, 2.839867]"
Montravel,France,
Quincy,France,"[42.2528772, -71.0022705]"
Pouilly-Fumé,France,
Coonawarra,Australia,"[-37.28746, 140.8553875]"
Happy Canyon of Santa Barbara,US,"[34.4206415, -119.6994278]"
Valdeorras,Spain,"[42.3788608, -6.9638624]"
Bizkaiko Txakolina,Spain,"[42.873683, -2.652435]"
Walla Walla Valley (OR),US,"[46.047101, -118.400369]"
Isonzo del Friuli,Italy,"[46.0801447, 13.433127]"
Vin de Pays d'Oc,France,
Delle Venezie,Italy,"[45.4408474, 12.3155151]"
Monbazillac,France,"[44.793529, 0.492161]"
Patrimonio,France,"[42.706531, 9.369553999999999]"
Saumur-Champigny,France,"[47.2546551, -0.0833506]"
Rosso di Montepulciano,Italy,"[40.77632759999999, -73.97921579999999]"
Gers,France,"[43.6366479, 0.4502368]"
Crémant de Jura,France,
Vin de Liqueur,France,"[29.7371381, -95.4269394]"
Seneca Lake,US,"[42.6918497, -76.92019200000001]"
Naches Heights,US,"[46.6536279, -120.6541983]"
Basilicata,Italy,"[40.6430766, 15.9699878]"
Hudson River Region,US,"[42.737395, -73.68724]"
Napa-Sonoma,US,"[38.291859, -122.4580356]"
Crémant de Bourgogne,France,
Pouilly-Fuissé,France,"[46.2807, 4.741652]"
Goulburn Valley,Australia,"[-36.8212556, 145.5833979]"
Bennett Valley,US,"[38.420496, -122.662446]"
Paso Robles Willow Creek District,US,"[35.5780474, -120.7801593]"
Montagne-Saint-Émilion,France,"[44.89438699999999, -0.155729]"
La Mancha,Spain,"[30.32249, -97.74085099999999]"
Contra Costa County,US,"[37.8534093, -121.9017954]"
Michigan,US,"[44.3148443, -85.60236429999999]"
Uclés,Spain,"[39.9799887, -2.8633215]"
Stags Leap District,US,"[38.4141825, -122.3213126]"
Valle d'Aosta,Italy,"[45.7388878, 7.426186599999999]"
Fair Play,US,"[41.7340168, -87.7435051]"
Menetou-Salon,France,"[47.2320769, 2.488352]"
Jerez,Spain,"[36.6850064, -6.126074399999999]"
Fronton,France,"[43.840098, 1.389654]"
Bergerac,France,"[44.853806, 0.483392]"
Salento,Italy,"[40.42336419999999, 17.9531836]"
Bordeaux Rosé,France,"[44.855275, -0.570292]"
Pennsylvania,US,"[41.2033216, -77.1945247]"
Les Baux de Provence,France,"[43.743887, 4.795495000000001]"
Southern Oregon,US,"[42.7976791, -122.4332992]"
Old Mission Peninsula,US,"[44.8839492, -85.50972259999999]"
Alto Adige Terlano,Italy,"[46.5384622, 11.2421084]"
Dunnigan Hills,US,"[38.794346, -121.9552466]"
Bandol,France,"[43.136418, 5.754186]"
Coombsville,US,"[38.2971707, -122.2864459]"
Châteauneuf-du-Pape,France,"[44.056556, 4.831281000000001]"
Nuits-St.-Georges,France,"[47.137985, 4.9503199]"
Vigneti delle Dolomiti,Italy,
Montefalco Rosso,Italy,"[42.902373, 12.64079]"
Umbria,Italy,"[42.938004, 12.6216211]"
Faro,Italy,"[40.707428, -73.922845]"
Chénas,France,"[46.212457, 4.719626]"
Jurançon,France,"[43.287723, -0.390892]"
Saumur,France,"[47.260135, -0.08089299999999999]"
Alella,Spain,
Bardolino Chiaretto,Italy,
Murgia,Italy,"[40.976111, 16.406111]"
Bolgheri Sassicaia,Italy,"[43.2336764, 10.6170139]"
Pessac-Léognan,France,"[44.727859, -0.59709]"
Saint-Julien,France,"[45.165884, -0.74085]"
Pauillac,France,"[45.199585, -0.746212]"
Oakville,US,"[43.467517, -79.6876659]"
Lalande de Pomerol,France,"[44.955821, -0.210858]"
Delia Nivolelli,Italy,
Cadillac Côtes de Bordeaux,France,
Maipú,Argentina,"[-33.5209155, -70.7631335]"
Touraine,France,"[47.3020954, 0.6921741]"
Middleburg,US,"[38.9687211, -77.7355496]"
Reuilly,France,"[47.085426, 2.041587]"
Gattinara,Italy,"[45.6139525, 8.3715171]"
Margaret River,Australia,"[-33.955, 115.075]"
Patagonia,Argentina,"[39.6036242, -106.5170552]"
Entre-Deux-Mers,France,"[49.4729933, -123.7540771]"
Applegate Valley,US,"[37.35579, -79.9044815]"
Hermitage,France,"[36.2150124, -86.61294939999999]"
Maremma,Italy,"[42.7095635, 11.0177282]"
San Benito County,US,"[36.5760883, -120.9876321]"
Catalunya,Spain,"[41.5911589, 1.5208624]"
Ribeiro,Spain,"[32.7543996, -117.2092115]"
Sauternes,France,"[44.531032, -0.343268]"
San Luis Obispo County,US,"[35.3102296, -120.4357631]"
Bolgheri,Italy,"[43.2336764, 10.6170139]"
Alicante,Spain,"[38.3459963, -0.4906855]"
Vin de Savoie,France,"[46.2116136, -74.5864057]"
Almansa,Spain,"[38.8702789, -1.0993366]"
Castillon Côtes de Bordeaux,France,"[44.8533003, -0.0436106]"
Mediterranée,France,"[34.5531284, 18.0480105]"
Francs Côtes de Bordeaux,France,"[45.537101, -73.6979655]"
Chiroubles,France,"[46.180983, 4.665474]"
Saint-Amour,France,"[46.4363219, 5.345254]"
Ribeira Sacra,Spain,"[40.715666, -74.009906]"
Leelanau Peninsula,US,"[44.79383199999999, -85.638108]"
Getariako Txakolina,Spain,"[43.3026416, -2.2042824]"
Calatayud,Spain,"[41.3531678, -1.6468455]"
Outer Coastal Plain,US,
Coteaux du Languedoc,France,
Sonoma-Napa,US,"[38.291859, -122.4580356]"
Langhorne Creek,Australia,"[-35.29625559999999, 139.038277]"
Falerno del Massico,Italy,"[41.1648018, 13.9468082]"
Fiano di Avellino,Italy,"[40.914388, 14.7906121]"
Vi de la Terra Illes Balears,Spain,"[39.5778512, 2.6518347]"
Santa Barbara,US,"[34.4208305, -119.6981901]"
Côtes de Bourg,France,"[45.419253, 2.383115]"
Barbera d'Asti Superiore,Italy,"[44.90075119999999, 8.2064257]"
Saint-Georges-Saint-Émilion,France,"[44.8854098, -0.1533505]"
Vermentino di Sardegna,Italy,
Bergerac Sec,France,"[48.9256884, 2.478422]"
Morgon,France,"[43.078801, -92.6497761]"
Virginia's Eastern Shore,US,"[37.136425, -75.96459999999999]"
Colli Trevigiani,Italy,"[46.0135268, 11.9171375]"
Columbia Valley (OR),US,"[45.7247667, -121.5718789]"
Listrac-Médoc,France,"[45.073918, -0.793207]"
Lussac Saint-Émilion,France,"[44.949033, -0.096263]"
Barbera d'Asti,Italy,
Tavel,France,"[44.01293, 4.698161]"
Barbera d'Alba Superiore,Italy,"[44.7009153, 8.0356911]"
Recioto di Soave,Italy,
Santenay,France,"[46.912833, 4.696534]"
Puligny-Montrachet,France,"[46.945092, 4.753296]"
Ruché di Castagnole Monferrato,Italy,"[44.9624895, 8.304856400000002]"
Valtellina Superiore,Italy,
Oltrepò Pavese,Italy,"[44.9824787, 9.0917228]"
Red Hills Lake County,US,"[31.4724086, -93.8308644]"
Toro,Spain,"[38.4052315, -96.17212669999999]"
Moulis-en-Médoc,France,"[45.06023700000001, -0.7675419]"
Pemberton,Australia,"[39.9600831, -74.58410889999999]"
Rosé de Loire,France,
Côtes de Bordeaux,France,"[45.5168684, -73.6797867]"
Vin Mousseux,France,
South Coast,US,
Yecla,Spain,
Lake Erie,US,"[42.0668852, -81.3399414]"
Potter Valley,US,"[39.3221089, -123.113059]"
Sonoma County-Napa County,US,"[38.291859, -122.4580356]"
Givry,France,"[46.78307, 4.742662999999999]"
Buzet,France,"[45.4075606, 13.9651276]"
Valpolicella Classico Superiore Ripasso,Italy,
Corse,France,"[42.0396042, 9.012892599999999]"
Muscadet Côtes de Grandlieu,France,"[40.76295160000001, -73.9692965]"
Terra degli Osci,Italy,
Lambrusco di Modena,Italy,"[44.6510984, 10.8586364]"
Montefalco Sagrantino,Italy,"[40.7446126, -73.98282449999999]"
Lazio,Italy,"[41.6552418, 12.989615]"
Chalk Hill,US,"[38.6037982, -122.7772125]"
Marche,Italy,"[36.178038, -86.751312]"
Cerasuolo di Vittoria Classico,Italy,
Frankland River,Australia,"[-34.351814, 117.0654331]"
Geographe,Australia,"[-33.6373407, 115.3815343]"
Western Australia,Australia,"[-27.6728168, 121.6283098]"
Niagara Peninsula,Canada,"[43.067547, -79.130163]"
Molise,Italy,"[41.67388649999999, 14.7520939]"
New Jersey,US,"[40.0583238, -74.4056612]"
Maury Sec,France,"[49.9484326, 15.8072468]"
Côtes du Roussillon Villages Caramany,France,"[42.738113, 2.568758]"
Irrouléguy,France,
Redwood Valley,US,"[39.2652491, -123.2041429]"
Friuli Aquileia,Italy,"[45.76816909999999, 13.3687199]"
Ile de Beauté,France,"[45.490952, -73.650679]"
Cucamonga Valley,US,"[34.1120955, -117.5776336]"
Pays d'Oc,France,"[16.2379493, -61.57122760000001]"
Gard,France,"[43.9446996, 4.1513764]"
Chianti,Italy,"[32.4462603, -93.7455487]"
Chianti Montespertoli,Italy,"[43.662996, 11.12623]"
Chianti Colli Senesi,Italy,"[43.6581, -79.34965299999999]"
Bordeaux Clairet,France,
Fleurie,France,"[46.192646, 4.6974557]"
Anjou Villages Brissac,France,"[47.356497, -0.448862]"
Fiddletown,US,"[38.5039105, -120.7565689]"
Bonnezeaux,France,"[47.276972, -0.485391]"
Bourgogne Hautes Côtes de Nuits,France,"[47.1492182, 4.890554799999999]"
Crémant d'Alsace,France,"[48.6221769, 7.4839214]"
Mâcon-Péronne,France,"[46.438691, 4.809830000000001]"
Maranges,France,"[25.6931979, -80.3826158]"
Augusta,US,"[33.4734978, -82.0105148]"
Saint-Bris,France,"[47.744005, 3.647396]"
New Mexico,US,"[34.5199402, -105.8700901]"
Nevada,US,"[38.8026097, -116.419389]"
Adelaide Plains,Australia,"[-34.6057239, 138.7136193]"
Lessona,Italy,"[45.58773290000001, 8.1925447]"
Vino Spumante,Italy,"[45.807568, 12.497794]"
Boca,Italy,"[36.1159808, -95.8538114]"
Rivesaltes,France,"[42.768583, 2.871763000000001]"
Charmes-Chambertin,France,
Valpolicella Superiore,Italy,"[45.4315888, 9.1360572]"
Valpolicella Classico Superiore,Italy,
Alto Valle del Río Negro,Argentina,"[-39.03190970000001, -67.5726237]"
Prosecco,Italy,
Paicines,US,"[36.7289127, -121.2788708]"
Condrieu,France,"[45.4617223, 4.7680113]"
Colline Pescaresi,Italy,
Sangiovese di Romagna Superiore,Italy,
Empordà,Spain,"[42.2755267, 3.0175712]"
Placer County,US,
Chianti Rufina,Italy,"[45.37476299999999, -84.9539829]"
Salice Salentino,Italy,"[40.385073, 17.9652521]"
Mâcon-Chardonnay,France,"[46.302479, 4.816992]"
Ladoix,France,"[47.06605, 4.886973999999999]"
Viré-Clessé,France,"[46.448616, 4.842058]"
Campo de Borja,Spain,"[41.8311685, -1.443469]"
Mâcon-Fuissé,France,"[46.280354, 4.742589]"
Eden Valley,Australia,"[45.324998, -94.54451449999999]"
Spain,Spain,"[40.46366700000001, -3.74922]"
La Consulta,Argentina,"[-33.7339291, -69.1199066]"
Napa County-Sonoma County,US,"[38.2492967, -122.275377]"
Solano County,US,"[38.3104969, -121.9017954]"
Colline Novaresi,Italy,
Adelaide,Australia,
Agrelo,Argentina,"[-33.1194013, -68.8868944]"
Veneto Orientale,Italy,
Vin de Pays des Cévennes,France,"[44.4317226, 3.7027594]"
Luberon,France,"[43.796111, 5.223889]"
Adelaida District,US,"[35.645236, -120.802497]"
Calabria,Italy,"[39.3087714, 16.3463791]"
Taurasi,Italy,"[41.0125228, 14.9680914]"
Eloro,Italy,"[-3.2592413, -79.9583541]"
Faugères,France,"[43.5655659, 3.188741]"
Crémant de Limoux,France,"[43.045432, 2.170958]"
Valdobbiadene Prosecco Superiore,Italy,"[45.915836, 12.166491]"
Irpinia,Italy,"[40.996451, 15.1258955]"
Picpoul de Pinet,France,"[43.40679859999999, 3.5088456]"
Côtes du Marmandais,France,"[44.5267833, 0.1533469]"
Coteaux du Layon,France,"[47.165874, -0.319443]"
Cornas,France,"[44.963733, 4.847392]"
Chalone,US,"[36.4701483, -121.2298501]"
Savennières,France,"[47.383101, -0.656999]"
Ventoux,France,"[44.1740851, 5.2786797]"
Taburno,Italy,"[41.16374560000001, 14.6176757]"
Chinon,France,"[47.167296, 0.240385]"
Sebino,Italy,"[45.721871, 10.0670398]"
Vouvray,France,"[47.412068, 0.799248]"
Columbia Gorge (OR),US,"[45.7247667, -121.5718789]"
Trebbiano d'Abruzzo,Italy,"[42.1920119, 13.7289167]"
Crémant de Loire,France,"[48.014277, 3.088529]"
Terra Alta,Spain,"[39.445649, -79.54643879999999]"
Victoria,Australia,"[48.4284207, -123.3656444]"
Valdepeñas,Spain,"[38.8113074, -3.4599326]"
Friuli Colli Orientali,Italy,"[45.9999263, 13.4380093]"
Vin Santo del Chianti,Italy,
Vosne-Romanée,France,"[47.159051, 4.954572]"
Valdobbiadene Superiore di Cartizze,Italy,"[45.8806846, 12.0047753]"
Recioto della Valpolicella Classico,Italy,
Gavi di Gavi,Italy,"[44.6880915, 8.8037472]"
Roero Arneis,Italy,"[44.7881153, 7.939328799999999]"
Dolcetto di Dogliani,Italy,"[44.5319723, 7.949748199999999]"
Neuquén,Argentina,"[-38.9516784, -68.0591888]"
Moscato d'Asti,Italy,
Saint-Nicolas-de-Bourgueil,France,"[47.284852, 0.12535]"
Lake Chelan,US,"[48.0269741, -120.3377317]"
Roussette de Savoie,France,"[45.5055649, 6.0035737]"
Maremma Toscana,Italy,"[43.13439140000001, 11.0111351]"
Rattlesnake Hills,US,"[46.6020711, -120.5058987]"
Alta Langa,Italy,"[44.5892877, 8.1440365]"
El Dorado County,US,"[38.74263759999999, -120.4357631]"
Napa County,US,"[38.5024689, -122.2653887]"
Côtes de Nuits Villages,France,"[47.13176259999999, 4.9721271]"
Bourgogne Hautes Côtes de Beaune,France,"[47.01346580000001, 4.815776100000001]"
Saint-Aubin,France,"[46.950588, 4.707633]"
Marin County,US,"[38.083403, -122.7633036]"
Barsac,France,"[44.607906, -0.317094]"
Conero,Italy,"[43.55, 13.6]"
Menfi,Italy,
Montilla-Moriles,Spain,"[37.5793753, -4.6545727]"
Río Negro Valley,Argentina,"[31.5868793, -106.245699]"
Pernand-Vergelesses,France,"[47.084575, 4.851313]"
Málaga,Spain,"[36.7212737, -4.4213988]"
Auxey-Duresses,France,"[46.986357, 4.747390999999999]"
Savigny-lès-Beaune,France,"[47.063402, 4.817946]"
Mâcon-Verze,France,"[46.376678, 4.734818]"
Saint-Joseph,France,"[38.93610020000001, -94.6043042]"
Vin de Pays Var,France,
Frascati Superiore,Italy,"[37.7983646, -122.4190244]"
Volnay,France,"[47.00151, 4.781618]"
Fort Ross-Seaview,US,"[38.51392510000001, -123.2455683]"
Mt. Harlan,US,"[36.6974604, -121.405214]"
Quarts de Chaume,France,
Lambrusco dell'Emilia,Italy,"[44.6599242, 10.9296571]"
Colli Aprutini,Italy,
Montepulciano d'Abruzzo Colline Teramane,Italy,
Valpolicella Superiore Ripasso,Italy,
Valpolicella Ripasso,Italy,
Cheverny,France,
Forlì,Italy,"[44.2227398, 12.0407312]"
Colli Martani,Italy,
Cienega Valley,US,"[36.7099602, -121.3349326]"
Temecula,US,"[33.4936391, -117.1483648]"
Ghemme,Italy,"[45.5958705, 8.4228612]"
Carignano del Sulcis,Italy,"[39.18444, 8.511339999999999]"
Alghero,Italy,"[40.5579517, 8.319294900000001]"
Anjou,France,"[39.3695737, -94.7783589]"
Pécharmant,France,
Minervois La Liviniere,France,"[43.32940199999999, 2.619386]"
Corbières,France,"[43.054859, 1.997267]"
Marsala,Italy,"[37.79804499999999, 12.4370156]"
Grand Valley,US,"[42.9744684, -85.86976120000001]"
Colorado,US,"[39.5500507, -105.7820674]"
Okanagan Valley,Canada,
Clarendon,Australia,"[34.9378289, -100.8881993]"
Côtes du Jura,France,"[46.76247499999999, 5.6729159]"
Corton Les Renardes,France,
Coteaux du Giennois,France,
Aloxe-Corton,France,"[47.065692, 4.85994]"
Rosso Conero,Italy,"[37.8424059, -122.287774]"
Falerio,Italy,"[52.2850618, 4.5799954]"
Verdicchio dei Castelli di Jesi,Italy,"[43.5270861, 13.2463797]"
Rosso Piceno,Italy,"[42.8594079, 13.5692889]"
Hunter Valley,Australia,"[-32.1932173, 151.700565]"
La Rioja,Argentina,"[42.2870733, -2.539603]"
Central Ranges,Australia,"[10.4166667, -61.25000000000001]"
Coteaux Varois,France,"[43.39375099999999, 6.040819]"
Val di Cornia Suvereto,Italy,"[43.0760687, 10.7042748]"
Orvieto Classico Superiore,Italy,"[42.7185068, 12.1107446]"
Vin de Pays du Val de Loire,France,"[47.4829946, -0.5418098]"
Cochise County,US,"[31.82845799999999, -109.949686]"
Vino de la Tierra Altiplano de Sierra Nevada,Spain,
Pine Mountain-Cloverdale Peak,US,"[38.854586, -122.96574]"
Costers del Segre,Spain,"[41.599156, 0.5812269999999999]"
Verdicchio dei Castelli di Jesi Classico Superiore,Italy,"[43.4545723, 13.1725079]"
Custoza Superiore,Italy,"[45.388789, 10.825568]"
Veronese,Italy,"[33.8705948, -117.9322872]"
Val di Neto,Italy,"[39.138697, 17.09132]"
Big Valley District-Lake County,US,"[38.9970418, -122.8700498]"
San Antonio Valley,US,"[37.3544669, -121.5587164]"
Bourgogne,France,"[47.0525047, 4.3837215]"
Petit Chablis,France,"[38.4397647, -105.2394564]"
Sierra Pelona Valley,US,"[34.4769379, -118.3286905]"
Valpolicella,Italy,
San Luis Obispo,US,"[35.2827524, -120.6596156]"
Famatina Valley,Argentina,"[-34.6462843, -58.4101518]"
Bâtard-Montrachet,France,"[46.9447821, 4.7539203]"
Chevalier-Montrachet,France,"[46.9447821, 4.7539203]"
Atlas Peak,US,"[37.7931585, -122.4025313]"
Puisseguin Saint-Émilion,France,"[44.925099, -0.074307]"
Asprinio di Aversa,Italy,
Orvieto Classico,Italy,"[42.719065, 12.11586]"
Bardolino,Italy,"[45.5453076, 10.6914197]"
Orcia,Italy,"[43.0625024, 11.5586763]"
Limestone Coast,Australia,"[-36.7235617, 140.3481835]"
Mâcon-Azé,France,"[46.431348, 4.7612249]"
Pyrenees,Australia,"[42.6681804, 1.0011899]"
Prosecco Superiore di Cartizze,Italy,
High Valley,US,"[-17.5451142, 145.5144245]"
Lambrusco Grasparossa di Castelvetro,Italy,"[44.5041498, 10.9457811]"
San Bernabe,US,"[36.1475072, -121.1006615]"
Vermentino di Gallura,Italy,"[40.9871753, 9.2785583]"
Ben Lomond Mountain,US,"[41.363274, -111.960498]"
Argentina,Argentina,"[-38.416097, -63.61667199999999]"
Morey-Saint-Denis,France,"[47.195673, 4.962496]"
Missouri,US,"[37.9642529, -91.8318334]"
Southeastern New England,US,"[41.639755, -70.925861]"
Grand River Valley,US,"[41.6974296, -81.03739499999999]"
Sonoita,US,
Corton-Charlemagne,France,"[47.0676505, 4.85854]"
Emilia,Italy,"[39.0561763, -94.610056]"
King Valley,Australia,"[38.0054139, -122.2896474]"
Pommard,France,"[47.00931, 4.795325]"
Costa Toscana,Italy,"[43.2269009, 10.5622919]"
Albana di Romagna,Italy,"[44.0562695, 12.4026755]"
Grands-Echezeaux,France,
Moscadello di Montalcino,Italy,"[43.0551015, 11.4890032]"
Mazis-Chambertin,France,
"The Hamptons, Long Island",US,"[40.924616, -72.35479149999999]"
Vin de Pays du Comté Tolosan,France,
Somontano,Spain,"[42.1177335, 0.03732009999999999]"
Tierra del Viños de Zamora,Spain,"[41.35375, -5.768549999999999]"
Niagara Escarpment,Canada,"[44.7180522, -87.5950953]"
Central Victoria,Australia,"[-37.4713077, 144.7851531]"
Bordeaux Côtes de Francs ,France,"[45.537101, -73.6979655]"
Shenandoah Valley,US,"[38.4834568, -78.84974849999999]"
Savoie,France,"[45.4932045, 6.472399999999999]"
Palette,France,"[36.1407997, -95.96879849999999]"
Var,France,"[43.02429, -87.91302999999999]"
Val de Loire,France,"[47.5532402, 1.0105289]"
Coteaux du Languedoc Pic Saint Loup,France,"[43.780392, 3.813078]"
Primitivo del Salento,Italy,"[40.069967, 18.104298]"
Tarragona,Spain,"[41.1188827, 1.2444909]"
Valpolicella Classico,Italy,
Hautes Côtes de Nuits,France,"[47.1492182, 4.890554799999999]"
La Clape,France,"[43.158333, 3.1]"
Vin Santo di Montepulciano,Italy,"[43.071668, 11.805525]"
Santa Barbara-Monterey,US,"[34.4375441, -119.7442934]"
Gigondas,France,"[44.163231, 5.0041804]"
Conca de Barberà,Spain,"[41.4745038, 1.2506002]"
Beamsville Bench,Canada,"[43.1588749, -79.4921643]"
Lessini Durello,Italy,
Bourgueil,France,"[47.282487, 0.168611]"
Saint-Croix-du-Mont,France,"[44.5942859, -0.284518]"
Lake Erie North Shore,Canada,"[42.72405089999999, -78.950998]"
Prosecco Treviso,Italy,"[45.6651108, 12.247662]"
Côte de Brouilly,France,"[46.0893693, 4.6470532]"
Mâcon-Pierreclos,France,"[46.334809, 4.686364999999999]"
Salina,Italy,"[38.8402805, -97.61142369999999]"
Sainte-Foy Bordeaux,France,"[44.8480803, -0.5727173]"
Saint-Chinian,France,"[43.418646, 2.945129]"
Crozes-Hermitage,France,"[45.09032, 4.846723]"
Southern Flinders Ranges,Australia,"[-31.4166667, 138.75]"
Napa-Carneros,US,"[38.2554723, -122.3349422]"
Catalonia,Spain,"[41.5911589, 1.5208624]"
Pouilly-Vinzelles,France,"[46.2705001, 4.7649238]"
Lago di Corbara,Italy,"[42.7168337, 12.2519308]"
Macon-Bussières,France,"[46.338504, 4.701625]"
Colli Euganei,Italy,"[45.3166667, 11.6666667]"
Offida Pecorino,Italy,"[42.9294924, 13.7001208]"
Passito di Pantelleria,Italy,"[42.479442, -76.481917]"
Illinois,US,"[40.6331249, -89.3985283]"
Sant'Antimo,Italy,"[42.9996008, 11.5156193]"
Vin Santo del Chianti Rufina,Italy,"[43.8266869, 11.5134398]"
Corse Porto Vecchio,France,"[41.591369, 9.278311]"
Côtes du Roussillon Villages Tautavel,France,"[42.8149442, 2.7470097]"
Côtes du Roussillon Villages,France,
Aglianico del Taburno,Italy,"[41.1308729, 14.6472491]"
Castel del Monte,Italy,"[41.0847777, 16.2706484]"
Colli di Faenza,Italy,"[44.2983651, 11.9038642]"
Sangiovese di Romagna,Italy,"[44.0567906, 12.4028]"
Mâcon,France,"[46.3068839, 4.828730999999999]"
Fixin,France,"[47.24534, 4.972309]"
Sforzato di Valtellina,Italy,
Corton,France,"[52.515023, 1.74319]"
Latricières-Chambertin,France,
Premieres Côtes de Blaye,France,"[45.126841, -0.662941]"
Montagny,France,"[45.620885, 4.747657999999999]"
Vin de Pays des Côtes Catalanes,France,
Malibu-Newton Canyon,US,"[34.0809642, -118.8021153]"
Vino de la Tierra Contraviesa Alpujarra,Spain,
Mount Harlan,US,"[36.6974604, -121.405214]"
Côtes du Tarn,France,"[43.89926699999999, 1.895374]"
Terrazze Retiche di Sondrio,Italy,"[46.1762609, 9.8926869]"
Pla de Bages,Spain,
Côtes de Provence La Londe,France,"[43.1376536, 6.2375712]"
Coteaux du Layon Chaume,France,"[47.322534, -0.635508]"
Sonoma-Napa-Mendocino,US,"[38.291859, -122.4580356]"
Dolcetto d'Acqui,Italy,"[44.67638460000001, 8.4670285]"
San Francisco Bay,US,"[37.6909682, -122.3107517]"
Nagambie Lakes,Australia,"[-36.7842847, 145.1417222]"
Côtes de Bergerac,France,"[44.790031, -0.118248]"
Pacherenc du Vic Bilh,France,
Chelan County,US,"[47.9445331, -120.6749068]"
Riverina,Australia,"[33.8109066, -118.0729372]"
California Other,US,"[36.8319701, -119.791147]"
Saddle Rock-Malibu,US,"[34.0990408, -118.8207158]"
Echézeaux,France,"[47.16536199999999, 4.979823]"
La Grande Rue,France,"[37.9214208, -89.9128862]"
Clos de la Roche,France,"[48.006852, -1.823946]"
Vougeot,France,"[47.176617, 4.962975]"
Wrattonbully,Australia,"[-37.1624826, 140.9351108]"
Mâcon-Vergisson,France,"[46.30963, 4.716371]"
Lambrusco di Sorbara,Italy,"[44.7514459, 11.0086629]"
Mâcon-Cruzille,France,"[46.5064494, 4.7978349]"
Moon Mountain District Sonoma County,US,"[38.3408187, -122.4731735]"
Collines Rhôdaniennes,France,
Loazzolo,Italy,"[44.6688073, 8.258573799999999]"
Humboldt County,US,"[40.7450055, -123.8695086]"
Clairette de Die Méthode Dioise Ancestrale,France,"[44.7601577, 5.357141299999999]"
Jurançon Sec,France,"[43.310567, -0.482417]"
Curtefranca,Italy,
Monteregio di Massa Marittima,Italy,"[43.0532504, 10.8880322]"
Napa-Sonoma-Marin,US,"[38.461287, -122.219635]"
Maury,France,"[38.8921729, -76.98866679999999]"
Muscat de Rivesaltes,France,
Montecucco,Italy,"[43.3650522, 12.74367]"
Vin de Table Francais,France,"[40.6920591, -73.9429129]"
Santa Clara County,US,"[37.3336581, -121.8907041]"
Atlantique,France,"[6.6588391, 2.2236667]"
Muscadet,France,"[45.4226585, -0.2853445]"
Sierra de Salamanca,Spain,"[29.0942396, -110.9263624]"
Chignin-Bergeron,France,"[45.528187, 6.002312]"
Beaujolais Blanc,France,"[46.0412957, 4.635594]"
Mâcon La Roche Vineuse,France,"[46.34679200000001, 4.719113]"
Côtes du Roussillon Les Aspres,France,"[48.68974799999999, 0.599399]"
Côtes du Roussillon,France,"[45.4983375, -73.6272106]"
Beaujolais-Leynes,France,"[46.2677996, 4.729654399999999]"
Côtes de Duras,France,"[44.683659, 0.200972]"
Fitou,France,"[42.893306, 2.978041]"
Puget Sound,US,"[47.7236535, -122.4713352]"
Chambertin Clos de Bèze,France,"[47.465224, 5.275158999999999]"
Corton-Rognet,France,
Corton Vergennes,France,"[47.073505, 4.875509]"
Chapelle-Chambertin,France,"[47.18759379999999, 4.9447879]"
Dogliani,Italy,"[44.5319723, 7.949748199999999]"
Anjou Villages,France,"[34.1559249, -118.7925106]"
Cadillac,France,"[36.1058481, -95.8857214]"
Sable de Camargue,France,"[43.4514254, 4.4271983]"
Pago de Arínzano,Spain,"[42.630641, -1.993364]"
Beneventano,Italy,
Monti Lessini,Italy,"[45.6942253, 10.9755236]"
McLaren Vale-Adelaide Hills,Australia,"[-35.2462077, 138.55089]"
Colli Piacentini,Italy,"[44.8263112, 9.529144700000002]"
Martina,Italy,"[44.9242266, -93.3152065]"
Lacryma Christi del Vesuvio,Italy,"[37.6675865, -77.57112099999999]"
Côtes Catalanes,France,"[37.2030881, -7.3276962]"
Vin de Pays Cité de Carcassonne,France,"[43.2060816, 2.3641961]"
Solano County Green Valley,US,"[38.2529705, -122.1621917]"
Friuli Isonzo,Italy,"[46.0657211, 13.6016763]"
Penisola Sorrentina,Italy,"[40.6569836, 14.5422225]"
California-Oregon,US,"[39.59388999999999, -121.52833]"
Clear Lake,US,"[39.05819049999999, -122.831015]"
Guenoc Valley,US,"[38.7359634, -122.5283555]"
Terre del Volturno,Italy,"[39.9651389, 18.089599]"
Coteaux d'Ancenis,France,"[47.4580871, -1.1763526]"
Cabernet de Saumur,France,"[47.260135, -0.08089299999999999]"
Utiel-Requena,Spain,"[39.5694342, -1.203722]"
Soave Colli Scaligeri,Italy,"[45.4116091, 11.2326652]"
Napa County-Sonoma County-San Joaquin County,US,"[38.5024689, -122.2653887]"
Bourgogne Gamay,France,
Terre di Franciacorta,Italy,
Falanghina del Sannio,Italy,
Rosso di Toscana,Italy,"[42.9342557, 10.5079715]"
Côtes de Castillon,France,"[44.8533003, -0.0436106]"
Carneros-Napa Valley,US,"[38.2554723, -122.3349422]"
Lenswood,Australia,"[-34.9172455, 138.8315666]"
Côte de Beaune,France,"[47.01346580000001, 4.815776100000001]"
Rosé d'Anjou,France,"[45.60033910000001, -73.5649347]"
St. David's Bench,Canada,"[43.16364, -79.0997125]"
Coteaux du Vendômois,France,"[47.6584551, 1.2631801]"
Valpolicella Ripasso Classico,Italy,
Chianti Colli Fiorentini,Italy,"[43.77931359999999, 11.2406457]"
Swan Creek,US,"[42.1886861, -83.5530849]"
Tierra de León,Spain,"[27.6830287, -82.727201]"
Mudgee,Australia,"[-32.6144566, 149.5733291]"
Orange,Australia,"[33.7174708, -117.8311428]"
New South Wales,Australia,"[-31.2532183, 146.921099]"
Rosso Piceno Superiore,Italy,"[42.8536043, 13.5749442]"
Offida Passerina,Italy,"[42.9294924, 13.7001208]"
Recioto di Soave Classico,Italy,
Montlouis-sur-Loire,France,"[47.38826400000001, 0.827383]"
Vin de Pays du Lot,France,"[44.5379358, 1.6760691]"
Venezie,Italy,"[45.4408474, 12.3155151]"
Riviera Ligure di Ponente,Italy,"[44.1981621, 8.3403203]"
Tulum Valley,Argentina,"[31.837177, -110.9925277]"
Pompeiano,Italy,"[43.8565049, 7.8854795]"
Epomeo,Italy,"[40.73023269999999, 13.8942535]"
Roccamonfina,Italy,"[41.2928103, 13.9851231]"
Marcillac,France,"[44.474899, 2.462587]"
Tierra de Castilla,Spain,"[32.579779, -115.492162]"
El Pomar District,US,"[35.5496335, -120.6100622]"
Galluccio,Italy,"[41.3348677, 13.9492051]"
Bourgogne Epineuil,France,"[47.874593, 3.980885]"
Colli di Salerno,Italy,"[40.6794227, 14.8641034]"
Tuolumne County,US,"[38.029655, -119.9740534]"
Côtes-du-Ventoux,France,"[44.1160541, 5.1771508]"
Tarantino,Italy,"[38.983899, -94.61334199999999]"
Santa Margarita Ranch,US,"[35.39798440000001, -120.613122]"
Brachetto d'Acqui,Italy,"[44.67638460000001, 8.4670285]"
Saint-Mont,France,"[43.650444, -0.147616]"
Crémant de Bordeaux,France,"[44.9359477, -0.1369457]"
Mâcon-Lugny,France,"[46.471672, 4.80982]"
Dolcetto di Monferrato,Italy,"[44.8175587, 8.7046627]"
Malibu Coast,US,"[34.0259216, -118.7797571]"
Rully,France,
Pavia,Italy,"[45.1847248, 9.1582069]"
Asti,Italy,
Carmignano,Italy,"[43.8007472, 11.0146187]"
Bullas,Spain,"[38.0433449, -1.6736397]"
Bonnes-Mares,France,
McDowell Valley,US,
Rasteau,France,"[44.231277, 4.986897]"
Cilento,Italy,"[40.6678786, -74.4821841]"
Vin de Pays des Maures,France,
Yadkin Valley,US,"[36.2023597, -80.6770787]"
Costa d'Amalfi,Italy,"[40.6333389, 14.6028963]"
Iowa,US,"[41.8780025, -93.097702]"
Premieres Côtes de Bordeaux,France,"[44.77918409999999, -0.461052]"
Chianti Montalbano,Italy,"[40.740468, -74.382549]"
Elkton Oregon,US,"[43.6376174, -123.568152]"
Bourgogne Aligoté,France,
Saint-Romain,France,"[46.99825800000001, 4.708748]"
Lugana Superiore,Italy,"[46.0061824, 8.9401768]"
Napa-Mendocino-Sonoma-Marin,US,"[39.5500194, -123.438353]"
Cesanese del Piglio,Italy,"[41.825936, 13.1342505]"
Muscat de Saint-Jean de Minervois,France,"[43.3841279, 2.833104]"
Banyuls,France,"[42.48343, 3.128874]"
Friuli Venezia Giulia,Italy,"[46.2259177, 13.1033646]"
Monterey-Santa Barbara,US,"[36.4397212, -121.3183599]"
Sonoma County-Monterey County-Napa County,US,"[38.5779555, -122.9888319]"
Rubicone,Italy,"[44.0845688, 12.3542982]"
Cévennes,France,
Vittoria Frappato,Italy,"[36.9809152, 14.5506803]"
Muscat de Beaumes de Venise,France,"[44.121721, 5.031427]"
Ribera del Júcar,Spain,"[39.2286419, -1.443469]"
Sonoma-Mendocino,US,"[38.4593019, -122.7171838]"
Mâcon-Uchizy,France,"[46.4893405, 4.913118]"
Colli di Luni,Italy,"[44.0939607, 10.0075213]"
Soave Classico Superiore,Italy,
Corton Grèves,France,
Barbera del Monferrato,Italy,"[45.134448, 8.450201]"
Copertino,Italy,"[40.2696379, 18.0604887]"
Alta Mesa,US,"[29.7839417, -95.6485443]"
Coteaux de Verdon,France,"[43.74300880000001, 6.014831999999999]"
Lirac,France,"[44.03527500000001, 4.693796]"
Kelsey Bench-Lake County,US,"[39.08396440000001, -122.8084496]"
Valpolicella Valpantena Superiore,Italy,"[45.5333333, 11]"
San Lucas,US,"[22.8824876, -109.9139116]"
British Columbia,Canada,"[53.7266683, -127.6476205]"
Manchuela,Spain,"[39.3586737, -1.6045067]"
Biferno Rosso,Italy,"[41.9323188, 12.6392294]"
Sonoma County-Lake County,US,"[38.4538358, -122.6489623]"
France,France,"[46.227638, 2.213749]"
Colli Perugini,Italy,"[41.9101697, 12.5699844]"
Aleatico dell'Elba,Italy,"[42.7781867, 10.1927389]"
Corbières-Boutenac,France,"[43.1485716, 2.79395]"
Vin Pétillant,France,
Ohio,US,"[40.4172871, -82.90712300000001]"
Vin de Pays du Val de Cesse,France,
Saussignac,France,"[44.800008, 0.326801]"
Limoux,France,"[43.053289, 2.218142]"
Paso Robles Highlands District,US,"[35.6145822, -120.6783885]"
Madrid,Spain,
Colli Tortonesi,Italy,"[44.85093800000001, 8.887332599999999]"
Barco Reale di Carmignano,Italy,"[43.8138768, 11.0191465]"
Vino de Mesa,Spain,"[33.658484, -117.907103]"
Sonoma County-Monterey County,US,"[36.6061215, -121.8416035]"
Pouilly-Loché,France,"[46.2787679, 4.7703525]"
Noto,Italy,"[39.9577557, -75.1590322]"
Campi Flegrei,Italy,"[40.827, 14.139]"
Bendigo,Australia,"[-36.7570157, 144.2793906]"
Vin de Pays de L'Aude,France,"[43.0724667, 2.3813621]"
Terre di Chieti,Italy,"[42.263981, 14.32576]"
Buenos Aires,Argentina,"[-34.6036844, -58.3815591]"
Vin de Pays du Gard,France,"[43.9446996, 4.1513764]"
Colline Teatine,Italy,
Cerasuolo d'Abruzzo,Italy,
Pomino,Italy,"[43.81774799999999, 11.5481573]"
Côte Rôtie,France,"[45.5344191, -73.5733288]"
Vermont,US,"[44.5588028, -72.57784149999999]"
Garda Classico,Italy,
Montenetto di Brescia,Italy,"[45.4681, 10.1301]"
Lombardy,Italy,"[45.47906709999999, 9.8452433]"
Benaco Bresciano,Italy,"[45.6049385, 10.6351414]"
Musigny,France,"[47.185496, 4.952888]"
Chambertin,France,"[47.225962, 4.968738999999999]"
Clos Saint-Denis,France,"[45.5407763, -73.62235199999999]"
Malvasia delle Lipari,Italy,"[38.465019, 14.954717]"
Côtes de Thongue,France,"[43.3990251, 3.416833]"
Côtes du Frontonnais,France,"[43.840098, 1.389654]"
Ventura County,US,"[34.3704884, -119.1390642]"
Marca Trevigiana,Italy,
Colli di Conegliano,Italy,"[45.8866683, 12.2890294]"
Chianti Colli Aretini,Italy,
Monterrei,Spain,"[41.9470179, -7.449239599999999]"
Mendocino-Lake,US,"[39.2173837, -123.171699]"
Bramaterra,Italy,
Monterey-Santa Cruz,US,"[36.9578731, -122.0301661]"
Teroldego Rotaliano,Italy,
North Carolina,US,"[35.7595731, -79.01929969999999]"
Cortese di Gavi,Italy,
York Mountain,US,"[65.466667, -167.283333]"
Touraine Amboise,France,"[47.413326, 0.9844069999999999]"
Colli Bolognesi,Italy,"[44.4963279, 11.2146178]"
Lambrusco Reggiano,Italy,"[44.0054758, 12.6239207]"
Emilia-Romagna,Italy,"[44.5967607, 11.2186396]"
Château-Chalon,France,"[46.7549, 5.626337899999999]"
Mâcon-Mancey,France,"[46.584748, 4.9028097]"
Irancy,France,"[47.71398199999999, 3.665354999999999]"
Cigales,Spain,"[41.7580541, -4.698011699999999]"
Assisi,Italy,"[43.0707017, 12.6195966]"
Savennières-Roche-Aux-Moines,France,"[47.39080999999999, -0.6437729999999999]"
Jujuy,Argentina,"[-24.1843397, -65.302177]"
Montescudaio,Italy,"[43.326165, 10.6265654]"
Galatina,Italy,"[40.17582280000001, 18.1724756]"
Cirò,Italy,"[39.3811686, 17.0673088]"
Vin de Pays des Portes de Méditerranée,France,
Alcamo,Italy,"[37.9783947, 12.9686255]"
Soave Superiore,Italy,"[45.8370606, 9.029293299999999]"
Brulhois,France,"[46.7682771, -73.0428637]"
Mâcon-Loché,France,"[46.2787679, 4.7703525]"
Mâcon-Vinzelles,France,"[46.271707, 4.768609]"
Chianti Superiore,Italy,
Rosazzo,Italy,
Orvieto,Italy,"[42.7185068, 12.1107446]"
Verdicchio di Matelica,Italy,"[43.2558438, 13.0080887]"
Columbia Valley-Walla Walla Valley,US,"[46.0243536, -118.3512532]"
Gutturnio Colli Piacentini,Italy,
Valtènesi,Italy,
Madera,US,"[38.945761, -94.74409]"
Ardèche,France,"[44.759629, 4.5624426]"
Barbera del Monferrato Superiore,Italy,"[44.8175587, 8.7046627]"
Mâcon-Charnay,France,"[46.309859, 4.800459]"
Sonoma,US,"[38.291859, -122.4580356]"
Mount Barker,Australia,"[-35.0809029, 138.8634671]"
Corton-Pougets,France,
Cérons,France,"[44.631404, -0.337996]"
Coteaux du Layon Saint Aubin,France,"[47.3293828, -0.6880379]"
Gioia del Colle,Italy,"[40.7990706, 16.9221587]"
Kentucky,US,"[37.8393332, -84.2700179]"
Prince Edward County,Canada,"[37.1982888, -78.4297187]"
San Francisco Bay-Livermore Valley,US,"[37.69956130000001, -121.8452212]"
Extremadura,Spain,"[39.4937392, -6.0679194]"
Vino da Tavola,Italy,
Southern Fleurieu,Australia,"[-35.5, 138.5]"
Clements Hills,US,"[38.3708969, -96.5420003]"
Vinos de Madrid,Spain,"[37.6885838, -122.4061139]"
Pouilly-sur-Loire,France,"[47.283935, 2.955667]"
Custoza,Italy,"[45.3729347, 10.7962865]"
Contea di Sclafani,Italy,"[28.6320758, -81.4017109]"
Dolcetto di Diano d'Alba,Italy,"[44.64998809999999, 8.0271337]"
Vin de Pays de la Méditerranée,France,
Vin de Pays de l'Ile de Beauté,France,
Nuragus di Cagliari,Italy,"[39.7772646, 9.0396465]"
Blanquette de Limoux,France,"[43.0522933, 2.2226706]"
Asolo Prosecco Superiore,Italy,"[45.79925859999999, 11.9141103]"
Venezia,Italy,"[45.4408474, 12.3155151]"
Sonoma County-San Joaquin County,US,"[37.9044561, -121.2420154]"
Clairette de Bellegarde,France,"[43.7577209, 4.5142937]"
Provincia di Pavia,Italy,"[45.3218166, 8.8466236]"
Montepulciano d'Abruzzo Cerasuolo,Italy,"[38.2966196, -122.2917645]"
Colline Lucchesi,Italy,
Emporadà-Costa Brava,Spain,"[42.2755267, 3.0175712]"
Fara,Italy,"[37.69527350000001, -97.29778309999999]"
Lison-Pramaggiore,Italy,"[45.7793972, 12.735751]"
Côtes du Luberon,France,"[43.11507719999999, 5.992420399999999]"
Lambrusco Salamino di Santa Croce,Italy,
Recioto della Valpolicella,Italy,
Canon-Fronsac,France,
Western Connecticut Highlands,US,"[41.2531719, -72.96608499999999]"
River Junction,US,"[43.02297, -91.17746]"
Passito di Noto,Italy,"[36.8924433, 15.0651945]"
Vin de Pays des Alpilles,France,
Grampians,Australia,"[-37.2108819, 142.3979571]"
Currency Creek,Australia,"[-35.4373405, 138.7586849]"
Cour-Cheverny,France,"[47.508733, 1.457552]"
Muscadet Sèvre et Maine Clisson,France,"[47.0870103, -1.2854647]"
Amarone della Valpolicella Valpantena,Italy,"[45.5333333, 11]"
Aude Hauterive,France,"[43.0724667, 2.3813621]"
Ribera del Guadiana,Spain,
Toledo,Spain,"[41.6528052, -83.5378674]"
Monterey-Santa Barbara-Sonoma,US,"[38.4875235, -122.4493985]"
Valtellina,Italy,"[46.1633869, 9.8447202]"
Vi de la Terra Mallorca,Spain,"[39.4645635, 3.1355346]"
Abruzzo,Italy,"[42.1920119, 13.7289167]"
Columbia Valley,US,"[38.860858, -104.8694312]"
Piccadilly Valley,Australia,"[31.8026259, -111.0276221]"
Lake County-Mendocino County,US,"[39.11134699999999, -123.19655]"
Côte de Beaune-Villages,France,"[47.02603000000001, 4.840004]"
Oregon Other,US,"[45.5625569, -122.6667248]"
Meursault-Blagny,France,"[46.9589141, 4.7409031]"
Sonoma County-Monterey County-Santa Barbara County,US,"[38.5092305, -122.8132578]"
Yamhill County,US,"[45.1771983, -123.2395303]"
Mendocino-Lake County-Napa,US,"[39.08396440000001, -122.8084496]"
Beechworth,Australia,"[-36.3533015, 146.6877247]"
Vin de Pays de Vaucluse,France,"[44.1209361, 5.012073]"
Montecarlo,Italy,"[43.7400718, 7.426643599999999]"
Monterey-San Luis Obispo-Santa Barbara,US,"[35.2493574, -120.6420779]"
Contessa Entellina,Italy,"[37.7295385, 13.1833552]"
Moscato di Noto,Italy,"[36.8924433, 15.0651945]"
Diano d'Alba,Italy,"[44.64998809999999, 8.0271337]"
Vino de la Tierra del Bajo Aragón,Spain,"[40.89924999999999, -0.364891]"
Chignin,France,"[45.523454, 6.011586899999999]"
Controguerra,Italy,"[42.85042199999999, 13.8123653]"
San Carlos,Argentina,"[37.5071591, -122.2605222]"
Manzanilla-Sanlúcar de Barrameda,Spain,"[36.7754065, -6.342858199999999]"
Valli di Porto Pino,Italy,"[38.9636015, 8.5954553]"
Falanghina del Beneventano,Italy,"[41.1297613, 14.7826208]"
Swan Hill,Australia,"[-35.3396318, 143.5524803]"
Falerio dei Colli Ascolani,Italy,
Erbaluce di Caluso,Italy,"[45.3053404, 7.888038799999999]"
Mamertino,Italy,"[38.0325358, 14.7726781]"
Mâcon Solutré,France,"[46.29730499999999, 4.725849]"
Civitella d'Agliano,Italy,
Landes,France,"[43.9412045, -0.7532808999999999]"
Mâcon-Davayé,France,"[46.302008, 4.744197]"
Pedernal Valley,Argentina,"[36.1975897, -106.1970498]"
Breganze,Italy,"[45.708245, 11.5574545]"
Tehama County,US,"[40.0982197, -122.174605]"
Siracusa,Italy,"[37.0754739, 15.2865861]"
Vin de Pays du Jardin de la France,France,"[43.433563, 6.1410059]"
Ischia,Italy,"[40.7270164, 13.9028656]"
Murray-Darling,Australia,"[-35.4092603, 143.762027]"
Saint-Péray,France,"[44.944816, 4.841902999999999]"
Castilla La Mancha,Spain,"[39.2795607, -3.097702]"
Muscadet Coteaux de la Loire,France,"[48.014277, 3.088529]"
Pays de Loire,France,"[47.7632836, -0.3299687]"
Carema,Italy,"[45.5826302, 7.8080102]"
Valpolicella Valpantena,Italy,"[45.5333333, 11]"
Ramona Valley,US,"[33.0466939, -116.8591631]"
Napa County-Lake County,US,"[38.4963694, -122.3617618]"
Prosecco di Valdobbiadene Superiore,Italy,"[45.915836, 12.166491]"
Colli Etruria Centrale,Italy,
Vin de Pays de l'Atlantique,France,"[44.8500585, -0.5712937]"
Côtes de Forez,France,"[38.8455446, -77.153937]"
Monthélie,France,"[46.99248799999999, 4.76562]"
Clos de Lambrays,France,
Clos de Tart,France,"[47.19577049999999, 4.9617952]"
Romanée-St.-Vivant,France,"[47.1615578, 4.9546375]"
Arizona,US,
Short Hills Bench,Canada,"[43.1076511, -79.2871392]"
Vin Doux Naturel Rasteau,France,
Aglianico del Beneventano,Italy,"[41.1393381, 14.7737095]"
Vin de Pays de la Haute Vallée du Gassac,France,"[49.1985936, -2.115017]"
Zonda Valley,Argentina,"[39.9317773, -86.2228832]"
Barbera di Piemonte,Italy,"[45.0522366, 7.5153885]"
Périgord,France,"[45.1854543, 0.7250863]"
Lanzarote,Spain,"[29.0468535, -13.5899733]"
Châteaumeillant,France,"[46.562103, 2.2018749]"
Napa,US,"[37.4123708, -94.703676]"
Erice,Italy,"[38.0380892, 12.5873511]"
Tuscany,Italy,"[43.7710513, 11.2486208]"
Similkameen Valley,Canada,"[49.1922372, -120.1272108]"
Bourgogne Côtes d’Auxerre,France,"[47.7436981, 3.6498547]"
Nardò,Italy,"[40.1798489, 18.0331588]"
Donnici,Italy,"[39.2574868, 16.2853141]"
Cabardes,France,"[43.266725, 2.284797]"
Dolcetto di Dogliani Superiore,Italy,"[44.5319723, 7.949748199999999]"
Bergerac Rosé,France,"[37.2360269, -121.8950681]"
Lamezia,Italy,"[38.962912, 16.3092719]"
Trentino Superiore,Italy,"[46.0638342, 11.1294106]"
Grave del Friuli,Italy,"[38.91057, -77.04091770000001]"
Hautes Cotes de Beaune,France,"[47.01346580000001, 4.815776100000001]"
Mâcon-Prissé,France,"[46.32179199999999, 4.744358]"
Vino de la Tierra de Cádiz,Spain,
Central Valley,US,"[40.19987769999999, -122.2011075]"
Vin Santo di Carmignano,Italy,
Bienvenues Bâtard-Montrachet,France,"[46.9447821, 4.7539203]"
Ramandolo,Italy,"[46.2217443, 13.2616452]"
Vino de la Tierra de Zamora,Spain,"[40.7210896, -73.997855]"
Lot,France,"[36.7556578, -95.9339995]"
Garda,Italy,"[34.0445957, -118.2776766]"
Napa-Monterey-Mendocino,US,"[36.6002378, -121.8946761]"
Brindisi,Italy,"[40.6327278, 17.9417616]"
Western Plains,Australia,"[38.91811209999999, -101.4490863]"
Vino de la Tierra de Castelló,Spain,"[38.558417, -122.542601]"
Kangaroo Island,Australia,"[-35.7752426, 137.2142417]"
Burgundy,France,"[47.0525047, 4.3837215]"
Casorzo,Italy,"[45.02123479999999, 8.3371719]"
Rosso di Cerignola,Italy,"[41.2656157, 15.8936429]"
Dolcetto d'Asti,Italy,"[44.90075119999999, 8.2064257]"
Sant' Agata dei Goti,Italy,"[41.0895812, 14.4998955]"
McLaren Vale-Langhorne Creek,Australia,"[-35.2210309, 138.5461247]"
Mentrida,Spain,"[40.2394809, -4.1936206]"
Monreale,Italy,"[38.0814986, 13.2889834]"
Monferrato Bianco,Italy,"[45.1042133, 8.377758199999999]"
Béarn,France,"[43.47055599999999, -0.9248539999999998]"
Torgiano Rosso Riserva,Italy,"[43.0273158, 12.432391]"
Arribes del Duero,Spain,"[41.1947261, -6.556988199999999]"
Finca Élez,Spain,"[5.634376400000001, -73.52333]"
Moulis,France,"[45.06023700000001, -0.7675419]"
Lime Kiln Valley,US,"[48.0708444, -117.7244198]"
Mâcon Chaintré,France,"[46.26065, 4.75951]"
Vino da Mesa de Toledo,Spain,"[39.8628316, -4.027323099999999]"
Moscato di Pantelleria,Italy,"[36.785262, 11.9918779]"
Amador-Napa,US,"[32.3020593, -106.8010705]"
Hilltops,Australia,"[-33.2581632, 149.0866321]"
Polk County,US,"[27.8617347, -81.6911559]"
Barossa-Langhorne Creek,Australia,"[-34.5333333, 138.95]"
Alpilles,France,"[43.7577242, 4.8512089]"
Currency Creek-McLaren Vale,Australia,"[-35.417397, 138.798555]"
Coteaux du Lyonnais,France,"[45.6545925, 4.7073297]"
Sardinia,Italy,"[40.1208752, 9.012892599999999]"
Gippsland,Australia,"[-37.5831982, 147.4627259]"
Strathbogie Ranges,Australia,
Colline Teramane,Italy,
Vino de la Tierra Ribera del Gállego-Cinco Villas,Spain,"[42.1223567, -1.1431549]"
Monterey County-Napa County-Sonoma County,US,"[36.3136201, -121.3541631]"
Côte Roannaise,France,"[45.7702801, 4.8370926]"
Côtes de Thau,France,
Antelope Valley of the California High Desert,US,"[34.7513712, -118.2522977]"
Moscato di Trani,Italy,
Napa Valley-Paso Robles,US,"[35.6444393, -120.6893353]"
Clare Valley-Coonawarra,Australia,"[-33.8186546, 138.5969174]"
Falanghina del Molise,Italy,"[41.9110781, 15.099341]"
Corton-Bressandes,France,"[47.0369285, 4.838344]"
Medrano,Argentina,"[32.8728061, -96.87636719999999]"
Lake County-Sonoma County,US,"[38.4494698, -122.6505126]"
Valpolicella Ripasso Valpantena,Italy,"[45.5333333, 11]"
Gaillac Doux,France,"[43.9434434, 1.8887611]"
Circeo,Italy,"[41.2381661, 13.0457514]"
Gundagai,Australia,"[-35.0566492, 148.102061]"
Vin de Pays des Coteaux de Bessilles,France,
Mount Barker & Margaret River,Australia,"[-34.63, 117.666944]"
Mazoyeres-Chambertin,France,
Altos de Mendoza,Argentina,"[-32.90107, -68.842846]"
Coteaux du Languedoc-Pézenas,France,"[43.462347, 3.409159]"
Cirò Classico,Italy,
Bardolino Classico Superiore,Italy,"[45.5453076, 10.6914197]"
Vino de Calidad de Tierras de León,Spain,"[42.5987041, -5.5670839]"
Cabernet d'Anjou,France,
Valpolicella Ripasso Valpantena Superiore,Italy,"[45.5333333, 11]"
McLaren Vale-Padthaway,Australia,"[-35.1028334, 138.5568379]"
Mendocino-Amador,US,
Vallée du Paradis,France,"[43.4354561, 6.8525385]"
San Rafael,Argentina,"[37.9735346, -122.5310874]"
Sovana,Italy,"[42.6581356, 11.6455585]"
Vesuvio,Italy,"[40.82238299999999, 14.4289058]"
Dolcetto d'Alba Superiore,Italy,"[44.7009153, 8.0356911]"
Tumbarumba,Australia,"[-35.7694861, 148.0057003]"
Henty,Australia,"[-35.52, 147.035]"
Côtes de Saint-Mont,France,"[43.650862, -0.149763]"
Laudun,France,"[44.105296, 4.657439]"
Saint-Chinian-Roquebrun,France,"[43.418646, 2.945129]"
San Martino della Battaglia,Italy,"[45.4379211, 10.6029836]"
Geelong,Australia,"[-38.1499181, 144.3617186]"
Corton Perrières,France,
Alpine Valleys,Australia,"[42.7380042, -88.43384999999999]"
Chianti Colli Pisani,Italy,
Coteaux du Layon Beaulieu,France,"[47.3236158, -0.6185058999999999]"
Primitivo del Tarantino,Italy,
Napa-Amador,US,"[32.3020593, -106.8010705]"
Napa County-Sonoma County-Lake County,US,"[38.5471475, -122.5103454]"
Vin de Pays de L'Herault,France,"[43.6841, 3.58848]"
Montello e Colli Asolani,Italy,"[45.6826558, 12.1620577]"
Nasco di Cagliari,Italy,"[39.2238411, 9.1216613]"
Charentais,France,"[45.7519958, 0.1534761]"
Montefalco,Italy,"[42.88929359999999, 12.6502843]"
Santa Cruz County,US,"[37.0453988, -121.9579578]"
Sonoma-Santa Barbara-Mendocino,US,"[38.291859, -122.4580356]"
Napa-Mendocino-Sonoma,US,"[39.5500194, -123.438353]"
Vin de Pays de France,France,"[43.684106, 3.588484]"
Massachusetts,US,"[42.4072107, -71.3824374]"
Canada,Canada,"[56.130366, -106.346771]"
Frascati,Italy,"[41.8085208, 12.6761041]"
Alta Valle della Greve,Italy,"[49.0992283, 2.5097794]"
Southern Highlands,Australia,"[35.9723318, -115.1935488]"
La Romanée,France,"[47.159051, 4.954572]"
Aglianico d'Irpinia,Italy,
Lake-Sonoma-Napa,US,"[38.5471475, -122.5103454]"
Vin de Pays de Montferrand,France,
Isle St. George,US,"[41.72171489999999, -82.82018719999999]"
Clairette de Die,France,"[44.7610135, 5.355582]"
Clare Valley-Eden Valley,Australia,"[45.322971, -94.54278359999999]"
Gutturnio Classico Superiore,Italy,
Strevi,Italy,"[44.7004186, 8.5234983]"
Australia-New Zealand,Australia,"[43.6312238, -79.544304]"
Riverland,Australia,"[43.676875, -92.99580499999999]"
Sardon de Duero,Spain,"[41.6058666, -4.4284985]"
Texoma,US,"[33.7998245, -96.57833869999999]"
Capay Valley,US,"[38.709359, -122.121272]"
Fleurieu Peninsula,Australia,"[-35.5, 138.5]"
Cacc’e Mmitte di Lucera,Italy,"[41.5054806, 15.3385282]"
Sonoma-Napa-Monterey,US,"[36.6002378, -121.8946761]"
Collioure,France,"[42.52675199999999, 3.084631]"
Saint Guilhem le Désert,France,"[43.734434, 3.549015]"
Catalanesca del Monte Somma,Italy,"[40.8333333, 14.4333333]"
Hawaii,US,"[19.8967662, -155.5827818]"
San Gimignano,Italy,"[43.4676324, 11.0434909]"
Bourgogne Vézelay,France,
Vino de Calidad de Valtiendas,Spain,
Mitterberg,Italy,"[47.4604767, 13.9484203]"
Rivesaltes Rosé,France,"[42.7145043, 2.8417137]"
Offida Rosso,Italy,"[42.9408629, 13.6965046]"
Côtes de Montravel,France,"[44.816677, 0.0710167]"
Todi,Italy,"[42.7819352, 12.4065686]"
Colli del Limbara,Italy,"[40.85, 9.1666667]"
Catamarca,Argentina,"[-28.4715877, -65.7877209]"
Langhorne Creek-Limestone Coast,Australia,"[-35.29625559999999, 139.038277]"
Coda di Volpe d'Irpinia,Italy,"[41.942646, -87.66358199999999]"
Squinzano,Italy,"[40.4349907, 18.0421742]"
Barossa-Adelaide Hills,Australia,"[-35.1136345, 138.8725113]"
Monterey County-Napa County,US,"[38.176892, -122.2664335]"
Est! Est!! Est!!! di Montefiascone,Italy,"[42.533851, 12.041377]"
Terrasses du Larzac,France,"[43.93101559999999, 3.2426063]"
Apremont,France,"[46.74935199999999, -1.741805]"
San Diego County,US,"[32.7157305, -117.1610966]"
Niagara Escarpment,US,"[44.7180522, -87.5950953]"
Sonoma-Napa-Lake,US,"[38.5471475, -122.5103454]"
Sonoma County-Santa Barbara County,US,"[38.423392, -122.7028286]"
Del Veneto,Italy,"[45.76233329999999, 11.690976]"
Bardolino Superiore,Italy,"[45.4254081, 9.1408787]"
Paestum,Italy,"[40.4231513, 15.0071628]"
